Timestamp,Status
2025-07-14 16:09:06,Completed daily update
2025-07-14 16:12:05,Completed daily update
2025-07-14 16:49:47,Completed daily update
2025-07-14 17:00:47,Completed daily update
2025-07-14 19:15:25,Completed daily update
2025-07-15 06:15:58,Completed daily update
2025-07-15 06:29:41,Completed daily update
2025-07-16 02:32:22,Completed daily update
2025-07-17 02:33:32,Completed daily update
2025-07-18 02:33:34,Completed daily update
2025-07-19 02:33:29,Completed daily update
2025-07-20 02:33:36,Completed daily update
2025-07-20 03:43:00,Started Git sync
2025-07-20 03:43:00,"Git sync failed: Command '['git', 'push']' returned non-zero exit status 128."
2025-07-20 04:18:00,Started Git sync
2025-07-20 04:18:01,Git commit and push completed
2025-07-21 02:30:00,Started daily update
2025-07-21 02:30:06,Download datasets completed
2025-07-21 02:33:04,Generate sentiment completed
2025-07-21 02:33:28,Save predictions completed
2025-07-21 02:45:00,Started Git sync
2025-07-21 12:49:00,Started daily update
2025-07-21 12:49:23,Save predictions completed
2025-07-21 12:54:00,Started daily update
2025-07-21 12:54:21,Save predictions completed
2025-07-22 02:30:00,Started daily update
2025-07-22 02:30:06,Download datasets completed
2025-07-22 02:32:58,Generate sentiment completed
2025-07-22 02:33:20,Save predictions completed
2025-07-22 02:45:00,Started Git sync
2025-07-22 02:45:03,Git commit and push completed
2025-07-23 02:30:00,Started daily update
2025-07-23 02:30:06,Download datasets completed
2025-07-23 02:33:15,Generate sentiment completed
2025-07-23 02:33:37,Save predictions completed
2025-07-23 02:45:00,Started Git sync
2025-07-23 02:45:03,Git commit and push completed
2025-07-24 02:30:00,Started daily update
2025-07-24 02:30:07,Download datasets completed
2025-07-24 02:33:22,Generate sentiment completed
2025-07-24 02:33:48,Save predictions completed
2025-07-24 02:45:00,Started Git sync
2025-07-24 02:45:07,Git commit and push completed
2025-07-25 02:30:00,Started daily update
2025-07-25 02:30:07,Download datasets completed
2025-07-25 02:33:25,Generate sentiment completed
2025-07-25 02:33:48,Save predictions completed
2025-07-25 02:45:00,Started Git sync
2025-07-25 02:45:03,Git commit and push completed
2025-07-26 02:30:00,Started daily update
2025-07-26 02:30:06,Download datasets completed
2025-07-26 02:33:09,Generate sentiment completed
2025-07-26 02:33:32,Save predictions completed
2025-07-26 02:45:00,Started Git sync
2025-07-26 02:45:03,Git commit and push completed
2025-07-27 02:30:00,Started daily update
2025-07-27 02:30:07,Download datasets completed
2025-07-27 02:33:17,Generate sentiment completed
2025-07-27 02:33:41,Save predictions completed
2025-07-27 02:45:00,Started Git sync
2025-07-27 02:45:04,Git commit and push completed
2025-07-28 02:30:00,Started daily update
2025-07-28 02:30:07,Download datasets completed
2025-07-28 02:32:59,Generate sentiment completed
2025-07-28 02:33:22,Save predictions completed
2025-07-28 02:45:00,Started Git sync
2025-07-28 02:45:03,Git commit and push completed
2025-07-29 02:30:00,Started daily update
2025-07-29 02:30:08,Download datasets completed
2025-07-29 02:33:26,Generate sentiment completed
2025-07-29 02:33:49,Save predictions completed
2025-07-29 02:45:00,Started Git sync
2025-07-30 02:30:00,Started daily update
2025-07-30 02:30:07,Download datasets completed
2025-07-30 02:33:12,Generate sentiment completed
2025-07-30 02:33:33,Save predictions completed
2025-07-30 02:45:00,Started Git sync
2025-07-30 02:45:03,Git commit and push completed
2025-07-31 02:30:00,Started daily update
2025-07-31 02:30:06,Download datasets completed
2025-07-31 02:33:27,Generate sentiment completed
2025-07-31 02:33:51,Save predictions completed
2025-07-31 02:45:00,Started Git sync
2025-07-31 02:45:03,Git commit and push completed
2025-08-01 02:30:00,Started daily update
2025-08-01 02:30:07,Download datasets completed
2025-08-01 02:34:29,Generate sentiment completed
2025-08-01 02:34:54,Save predictions completed
2025-08-01 02:45:00,Started Git sync
2025-08-01 02:45:03,Git commit and push completed
2025-08-02 02:30:00,Started daily update
2025-08-02 02:30:07,Download datasets completed
2025-08-02 02:33:30,Generate sentiment completed
2025-08-02 02:33:55,Save predictions completed
2025-08-02 02:45:00,Started Git sync
2025-08-02 02:45:03,Git commit and push completed
2025-08-03 02:30:00,Started daily update
2025-08-03 02:30:07,Download datasets completed
2025-08-03 02:33:32,Generate sentiment completed
2025-08-03 02:33:57,Save predictions completed
2025-08-03 02:45:00,Started Git sync
